﻿<?xml version="1.0" encoding="utf-8"?>
<DacOrigin xmlns="http://schemas.microsoft.com/sqlserver/dac/Serialization/2012/02">
  <PackageProperties>
    <Version>3.1.0.0</Version>
    <ContainsExportedData>true</ContainsExportedData>
    <StreamVersions>
      <Version StreamName="Data">2.0.0.0</Version>
      <Version StreamName="DeploymentContributors">1.0.0.0</Version>
    </StreamVersions>
  </PackageProperties>
  <Operation>
    <Identity>d1cb3812-a110-4eb6-a2a5-fec12e66b9bc</Identity>
    <Start>2019-12-08T23:16:57.2278274+05:00</Start>
    <End>0001-01-01T00:00:00.0000000</End>
    <ProductName>Microsoft.SqlServer.Dac, Version=14.0.0.0, Culture=neutral, PublicKeyToken=b03f5f7f11d50a3a</ProductName>
    <ProductVersion>14.0.4079.2</ProductVersion>
    <ProductSchema>http://schemas.microsoft.com/sqlserver/dac/Serialization/2012/02</ProductSchema>
  </Operation>
  <Server>
    <ServerVersion>Microsoft SQL Server 2017 (RTM) - 14.0.1000.169 (X64) 
	Aug 22 2017 17:04:49 
	Copyright (C) 2017 Microsoft Corporation
	Developer Edition (64-bit) on Windows 8.1 Pro 6.3 &lt;X64&gt; (Build 9600: )
</ServerVersion>
    <ObjectCounts>
      <DatabaseOptions>1</DatabaseOptions>
      <ForeignKeyConstraint>10</ForeignKeyConstraint>
      <PermissionStatement>2</PermissionStatement>
      <PrimaryKeyConstraint>8</PrimaryKeyConstraint>
      <SimpleColumn>43</SimpleColumn>
      <Table>8</Table>
    </ObjectCounts>
  </Server>
  <ExportStatistics>
    <SourceDatabaseSize>12008</SourceDatabaseSize>
    <TableRowCountTotalTag>51</TableRowCountTotalTag>
  </ExportStatistics>
  <Checksums>
    <Checksum Uri="/model.xml">818F5324454866D14E0FD4651A2B7D2D4C09459D5D982AB07AAA9399A32E3E90</Checksum>
  </Checksums>
  <ModelSchemaVersion>2.5</ModelSchemaVersion>
</DacOrigin>